transaction_id,timestamp,sender_name,sender_upi_id,sender_bank,receiver_name,receiver_upi_id,receiver_bank,amount_inr,transaction_type,category,upi_app,device_os,location_state,status,failure_reason,transaction_date,transaction_hour,day_of_week,month,year,amount_valid,failure_reason_valid,amount_category,sender_transaction_count,sender_total_amount,sender_average_amount,sender_amount_std,receiver_transaction_count,receiver_total_amount,receiver_average_amount,iqr_anomaly,isolation_forest_anomaly,isolation_forest_score,time_series_volume_anomaly,time_series_amount_anomaly,time_series_anomaly,anomaly_count,anomaly_type,isolation_forest_new,lof_anomaly,one_class_svm_anomaly,ml_model_agreement,risk_score,risk_level,risk_signal_count,investigation_required
UPI2026098034990512,2024-01-07 09:29:56,Reyansh Deshmukh,reyansh.deshmukh451@ibl,Bank of Baroda,Pooja Banerjee,pooja.banerjee201@oksbi,Union Bank of India,9417.58,P2P,Peer Transfer,BHIM,Android,Gujarat,SUCCESS,,2024-01-07,9,6,1,2024,True,True,Very High,17,86164.77,5068.515882352942,9954.839071088152,8,27257.83,3407.22875,1,1,-0.0085463559427879,0,0,0,2,Multiple Signals,1,1,1,3,70.0,High,5,Yes
UPI2026099621955738,2024-01-11 22:43:25,Prisha Rao,prisha.rao696@upi,Bank of Baroda,Kabir Kapoor,kabir.kapoor81@ybl,Punjab National Bank,48305.62,P2P,Peer Transfer,PhonePe,Android,Kerala,SUCCESS,,2024-01-11,22,3,1,2024,True,True,Very High,25,88392.99,3535.7196000000004,9698.238060232678,10,104645.24,10464.524,1,1,-0.0003943331355764,1,0,1,3,All Methods,1,0,1,2,70.0,High,5,Yes
UPI2026095059502085,2024-01-13 22:22:05,Prisha Choudhury,prisha.choudhury339@okaxis,Axis Bank,Myra Singh,myra.singh804@ybl,Axis Bank,36404.01,P2P,Peer Transfer,Google Pay,iOS,Kerala,SUCCESS,,2024-01-13,22,5,1,2024,True,True,Very High,22,116188.68,5281.303636363636,10654.81199354704,13,111708.63,8592.97153846154,1,1,-0.0645978005878744,0,0,0,2,Multiple Signals,1,1,1,3,70.0,High,5,Yes
UPI2026093981385225,2024-01-17 01:56:05,Krishna Singh,krishna.singh413@ibl,Punjab National Bank,Myra Singh,myra.singh822@oksbi,Union Bank of India,20983.77,P2P,Peer Transfer,Google Pay,Android,Rajasthan,SUCCESS,,2024-01-17,1,2,1,2024,True,True,Very High,18,77092.01,4282.889444444444,9894.480061587205,11,60844.4,5531.309090909091,1,1,-0.0877172380590856,0,0,0,2,Multiple Signals,1,1,1,3,70.0,High,5,Yes
UPI2026095742475289,2024-01-26 16:06:26,Aadhya Sharma,aadhya.sharma409@ybl,Canara Bank,Ritvik Mishra,ritvik.mishra621@apl,Kotak Mahindra Bank,46875.05,P2P,Peer Transfer,PhonePe,Android,Uttar Pradesh,SUCCESS,,2024-01-26,16,4,1,2024,True,True,Very High,25,171696.02000000002,6867.840800000001,14058.01821902152,7,152070.07,21724.29571428572,1,1,-0.0904730282697343,0,0,0,2,Multiple Signals,1,1,1,3,70.0,High,5,Yes
UPI2026093442561079,2024-01-28 00:29:48,Pranav Malhotra,pranav.malhotra163@upi,IndusInd Bank,Aditya Banerjee,aditya.banerjee383@okaxis,Canara Bank,47887.35,P2P,Peer Transfer,Google Pay,Android,Rajasthan,SUCCESS,,2024-01-28,0,6,1,2024,True,True,Very High,19,100506.67,5289.824736842105,12077.334581394543,7,75840.19,10834.312857142855,1,1,-0.0535683853304259,0,0,0,2,Multiple Signals,1,1,1,3,70.0,High,5,Yes
UPI2026093538378062,2024-01-28 10:46:51,Myra Singh,myra.singh788@oksbi,Canara Bank,Aaryan Mehta,aaryan.mehta61@upi,Axis Bank,20676.03,P2P,Peer Transfer,PhonePe,Android,Tamil Nadu,SUCCESS,,2024-01-28,10,6,1,2024,True,True,Very High,21,123049.98,5859.522857142857,11896.107946527783,7,82456.42,11779.488571428572,1,1,-0.1223088871934582,0,0,0,2,Multiple Signals,1,1,1,3,70.0,High,5,Yes
UPI2026096718390868,2024-02-01 00:42:32,Diya Gupta,diya.gupta518@apl,Punjab National Bank,Amazon Pay Merchant,amazonpaym@okicici,Union Bank of India,9367.39,P2M,Shopping,Paytm,Android,Rajasthan,SUCCESS,,2024-02-01,0,3,2,2024,True,True,Very High,25,133990.56,5359.6224,9894.853394522528,32,197283.93,6165.1228125,1,1,-0.0351492762382088,0,0,0,2,Multiple Signals,1,1,1,3,70.0,High,5,Yes
UPI2026098594845207,2024-02-03 07:58:56,Pranav Rao,pranav.rao826@ybl,Punjab National Bank,Dhruv Kumar,dhruv.kumar262@upi,Union Bank of India,34369.45,P2P,Peer Transfer,PhonePe,Android,Uttar Pradesh,FAILED,NETWORK_TIMEOUT,2024-02-03,7,5,2,2024,True,True,Very High,19,107059.95,5634.734210526316,10479.767013416493,9,184945.18,20549.46444444444,1,1,-0.0814001299259012,0,0,0,2,Multiple Signals,1,1,1,3,70.0,High,5,Yes
UPI2026095690233579,2024-02-04 06:04:36,Prisha Choudhury,prisha.choudhury339@okaxis,Axis Bank,Vihaan Deshmukh,vihaan.deshmukh93@ybl,Canara Bank,39012.61,P2P,Peer Transfer,PhonePe,iOS,Kerala,SUCCESS,,2024-02-04,6,6,2,2024,True,True,Very High,22,116188.68,5281.303636363636,10654.81199354704,10,130707.15,13070.715,1,1,-0.0551724135593599,0,0,0,2,Multiple Signals,1,1,1,3,70.0,High,5,Yes
UPI2026097370550396,2024-02-05 17:18:09,Meera Singh,meera.singh472@upi,Axis Bank,Rahul Gupta,rahul.gupta556@okaxis,ICICI Bank,38002.63,P2P,Peer Transfer,Paytm,iOS,Kerala,SUCCESS,,2024-02-05,17,0,2,2024,True,True,Very High,21,176864.68,8422.127619047618,13197.263509726135,6,148783.68,24797.28,1,1,-0.0899156179154813,0,0,0,2,Multiple Signals,1,1,1,3,70.0,High,5,Yes
UPI2026091951799860,2024-02-08 18:41:43,Aadhya Sharma,aadhya.sharma409@ybl,Canara Bank,Priya Rao,priya.rao792@paytm,Punjab National Bank,47655.87,P2P,Peer Transfer,PhonePe,Android,Uttar Pradesh,SUCCESS,,2024-02-08,18,3,2,2024,True,True,Very High,25,171696.02000000002,6867.840800000001,14058.01821902152,7,76026.94,10860.99142857143,1,1,-0.0883352003347486,0,0,0,2,Multiple Signals,1,1,1,3,70.0,High,5,Yes
UPI2026092686933217,2024-02-09 22:40:43,Arjun Kulkarni,arjun.kulkarni894@oksbi,IndusInd Bank,Dhruv Kumar,dhruv.kumar262@upi,Union Bank of India,9820.34,P2P,Peer Transfer,Google Pay,Android,Kerala,SUCCESS,,2024-02-09,22,4,2,2024,True,True,Very High,19,165702.23,8721.17,12696.81049241808,9,184945.18,20549.46444444444,1,1,-0.0279724268890999,0,0,0,2,Multiple Signals,1,1,1,3,70.0,High,5,Yes
UPI2026096832698180,2024-02-15 23:51:34,Arjun Mishra,arjun.mishra810@ybl,Punjab National Bank,Anjali Yadav,anjali.yadav865@upi,HDFC Bank,17248.12,P2P,Peer Transfer,PhonePe,Android,Kerala,SUCCESS,,2024-02-15,23,3,2,2024,True,True,Very High,23,131234.44999999998,5705.845652173913,11891.0205034398,5,41172.74,8234.547999999999,1,1,-0.1008563664710557,0,0,0,2,Multiple Signals,1,1,1,3,70.0,High,5,Yes
UPI2026096053441050,2024-02-18 01:12:26,Aanya Kulkarni,aanya.kulkarni85@apl,Canara Bank,Arjun Das,arjun.das400@barodampay,Canara Bank,46353.24,P2P,Peer Transfer,Paytm,iOS,Rajasthan,SUCCESS,,2024-02-18,1,6,2,2024,True,True,Very High,25,137198.87,5487.9548,9541.50222983612,10,92973.46,9297.346,1,1,-0.0318130050601601,1,0,1,3,All Methods,1,0,1,2,70.0,High,5,Yes
UPI2026093667715615,2024-02-18 01:41:13,Tanvi Kumar,tanvi.kumar788@oksbi,ICICI Bank,Saanvi Kapoor,saanvi.kapoor579@ibl,State Bank of India,42107.01,P2P,Peer Transfer,BHIM,Android,West Bengal,SUCCESS,,2024-02-18,1,6,2,2024,True,True,Very High,18,111630.55,6201.697222222222,11092.613821890567,7,81314.38,11616.34,1,1,-0.003780575332724,1,0,1,3,All Methods,1,0,1,2,70.0,High,5,Yes
UPI2026099441673525,2024-02-18 18:01:41,Advaith Mehta,advaith.mehta990@okicici,Canara Bank,Aditya Mehta,aditya.mehta496@barodampay,State Bank of India,46463.85,P2P,Peer Transfer,Amazon Pay,Android,Tamil Nadu,SUCCESS,,2024-02-18,18,6,2,2024,True,True,Very High,21,194601.94,9266.759047619047,15140.3660864171,12,64967.54,5413.961666666667,1,1,-0.1038813721998547,1,0,1,3,All Methods,1,1,1,3,85.0,Critical,6,Yes
UPI2026091037514853,2024-02-19 13:01:32,Anjali Bhat,anjali.bhat144@barodampay,Bank of Baroda,Sai Patel,sai.patel326@paytm,Canara Bank,16612.11,P2P,Peer Transfer,Paytm,Android,Tamil Nadu,SUCCESS,,2024-02-19,13,0,2,2024,True,True,Very High,28,135266.91999999998,4830.961428571428,8614.206443774623,11,85050.69,7731.880909090909,1,1,-0.0392652423210483,0,0,0,2,Multiple Signals,1,1,1,3,70.0,High,5,Yes
UPI2026096690342245,2024-02-20 10:47:28,Anvi Bhat,anvi.bhat15@oksbi,HDFC Bank,Tanvi Deshmukh,tanvi.deshmukh810@apl,HDFC Bank,17041.44,P2P,Peer Transfer,PhonePe,Android,Uttar Pradesh,SUCCESS,,2024-02-20,10,1,2,2024,True,True,Very High,28,111437.54,3979.912142857143,7044.489870532832,9,133111.67,14790.185555555558,1,1,-0.0327519001802096,0,0,0,2,Multiple Signals,1,1,1,3,70.0,High,5,Yes
UPI2026093729897436,2024-02-22 18:57:47,Suresh Agarwal,suresh.agarwal150@okhdfcbank,Union Bank of India,Aditya Kapoor,aditya.kapoor348@oksbi,Union Bank of India,24383.28,P2P,Peer Transfer,PhonePe,Android,Tamil Nadu,SUCCESS,,2024-02-22,18,3,2,2024,True,True,Very High,21,141186.44999999998,6723.164285714285,13450.043232695783,7,45998.0,6571.142857142857,1,1,-0.0243606055212737,0,0,0,2,Multiple Signals,1,1,1,3,70.0,High,5,Yes
UPI2026095027768810,2024-02-24 18:24:57,Vivaan Agarwal,vivaan.agarwal698@ybl,IndusInd Bank,Ritvik Kulkarni,ritvik.kulkarni989@ybl,Canara Bank,49324.6,P2P,Peer Transfer,Google Pay,Android,Maharashtra,SUCCESS,,2024-02-24,18,5,2,2024,True,True,Very High,16,166002.22,10375.13875,17755.55139783982,13,91645.39,7049.6453846153845,1,1,-0.125762743098466,0,0,0,2,Multiple Signals,1,1,1,3,70.0,High,5,Yes
UPI2026099544023886,2024-02-25 02:02:39,Riya Nair,riya.nair43@okaxis,Kotak Mahindra Bank,Krishna Verma,krishna.verma370@upi,Punjab National Bank,19041.45,P2P,Peer Transfer,PhonePe,Android,Uttar Pradesh,SUCCESS,,2024-02-25,2,6,2,2024,True,True,Very High,19,77776.1,4093.478947368421,5082.886498571997,10,193165.06,19316.506,1,1,-0.0333379640046014,0,0,0,2,Multiple Signals,1,1,1,3,70.0,High,5,Yes
UPI2026099316431723,2024-02-28 18:42:09,Ananya Banerjee,ananya.banerjee920@paytm,Canara Bank,Ritvik Mishra,ritvik.mishra621@apl,Kotak Mahindra Bank,46589.61,P2P,Peer Transfer,Paytm,iOS,Gujarat,SUCCESS,,2024-02-28,18,2,2,2024,True,True,Very High,19,91899.44,4836.812631578948,11214.674685425856,7,152070.07,21724.29571428572,1,1,-0.0862399430472238,0,0,0,2,Multiple Signals,1,1,1,3,70.0,High,5,Yes
UPI2026094683565426,2024-03-03 06:52:13,Ramesh Nair,ramesh.nair935@okhdfcbank,HDFC Bank,Chiara Saxena,chiara.saxena654@barodampay,Axis Bank,35353.12,P2P,Peer Transfer,Paytm,Android,Telangana,SUCCESS,,2024-03-03,6,6,3,2024,True,True,Very High,24,120235.42,5009.809166666667,10703.25044767686,9,103487.01,11498.556666666667,1,1,-0.0122159085706271,0,0,0,2,Multiple Signals,1,1,1,3,70.0,High,5,Yes
UPI2026096520587804,2024-03-05 07:37:23,Advaith Mehta,advaith.mehta990@okicici,Canara Bank,Aditya Agarwal,aditya.agarwal672@okaxis,Kotak Mahindra Bank,40874.33,P2P,Peer Transfer,PhonePe,iOS,Tamil Nadu,SUCCESS,,2024-03-05,7,1,3,2024,True,True,Very High,21,194601.94,9266.759047619047,15140.3660864171,6,92286.28,15381.046666666669,1,1,-0.0755978441774513,0,1,1,3,All Methods,1,1,1,3,85.0,Critical,6,Yes
UPI2026095259284787,2024-03-05 19:37:40,Vivaan Patel,vivaan.patel311@okaxis,Bank of Baroda,Chiara Bhat,chiara.bhat777@okicici,Axis Bank,20258.8,P2P,Peer Transfer,CRED,iOS,Delhi NCR,SUCCESS,,2024-03-05,19,1,3,2024,True,True,Very High,24,76809.68,3200.403333333333,5078.591510133208,8,80055.58,10006.9475,1,1,-0.0301428913411987,0,1,1,3,All Methods,1,0,1,2,70.0,High,5,Yes
UPI2026095212422287,2024-03-06 19:57:38,Meera Iyer,meera.iyer529@upi,Union Bank of India,Rahul Gupta,rahul.gupta556@okaxis,ICICI Bank,46623.51,P2P,Peer Transfer,Google Pay,iOS,West Bengal,SUCCESS,,2024-03-06,19,2,3,2024,True,True,Very High,17,86298.49,5076.381764705882,11496.325547645232,6,148783.68,24797.28,1,1,-0.08355517809116,0,0,0,2,Multiple Signals,1,1,1,3,70.0,High,5,Yes
UPI2026091135078768,2024-03-07 13:36:44,Vivaan Agarwal,vivaan.agarwal698@ybl,IndusInd Bank,Cult.fit,cult.fit@barodampay,Union Bank of India,124.57,P2M,Health & Fitness,Google Pay,Android,Maharashtra,SUCCESS,,2024-03-07,13,3,3,2024,True,True,Low,16,166002.22,10375.13875,17755.55139783982,18,43974.04,2443.0022222222224,0,1,-0.0569616082922962,0,1,1,2,Multiple Signals,1,1,1,3,70.0,High,5,Yes
UPI2026091164504900,2024-03-10 10:53:30,Neha Patel,neha.patel497@apl,Punjab National Bank,Dhruv Kumar,dhruv.kumar262@upi,Union Bank of India,8649.12,P2P,Peer Transfer,Google Pay,Android,Rajasthan,SUCCESS,,2024-03-10,10,6,3,2024,True,True,Very High,27,49052.86,1816.772592592593,2083.964943817052,9,184945.18,20549.46444444444,1,1,-0.0122833266196784,0,0,0,2,Multiple Signals,1,1,1,3,70.0,High,5,Yes
UPI2026096075748915,2024-03-15 21:52:49,Prisha Chatterjee,prisha.chatterjee48@okhdfcbank,Punjab National Bank,Ananya Chauhan,ananya.chauhan575@okicici,Bank of Baroda,34994.62,P2P,Peer Transfer,Google Pay,Android,Uttar Pradesh,SUCCESS,,2024-03-15,21,4,3,2024,True,True,Very High,19,131156.69,6902.983684210526,11344.84528741931,7,124772.86,17824.694285714286,1,1,-0.0008378021782666,0,0,0,2,Multiple Signals,1,1,1,3,70.0,High,5,Yes
UPI2026093386968437,2024-03-16 01:53:36,Amit Kapoor,amit.kapoor36@okicici,HDFC Bank,Darsh Reddy,darsh.reddy403@apl,State Bank of India,37227.81,P2P,Peer Transfer,PhonePe,iOS,Telangana,SUCCESS,,2024-03-16,1,5,3,2024,True,True,Very High,18,111510.02,6195.001111111112,11399.189541295773,9,62655.21,6961.69,1,1,-0.0451509925988069,0,0,0,2,Multiple Signals,1,1,1,3,70.0,High,5,Yes
UPI2026098804980185,2024-03-26 23:03:55,Aaryan Agarwal,aaryan.agarwal485@barodampay,IndusInd Bank,Ramesh Nair,ramesh.nair935@okhdfcbank,HDFC Bank,17945.31,P2P,Peer Transfer,BHIM,Android,Gujarat,SUCCESS,,2024-03-26,23,1,3,2024,True,True,Very High,24,186894.45,7787.26875,13524.176545882983,14,117318.01,8379.857857142857,1,1,-0.0819712012648297,0,0,0,2,Multiple Signals,1,1,1,3,70.0,High,5,Yes
UPI2026094334860687,2024-04-09 00:04:57,Reyansh Kapoor,reyansh.kapoor22@barodampay,Kotak Mahindra Bank,Priya Kapoor,priya.kapoor714@okhdfcbank,IndusInd Bank,37321.3,P2P,Peer Transfer,Paytm,Android,West Bengal,SUCCESS,,2024-04-09,0,1,4,2024,True,True,Very High,23,159972.54,6955.3278260869565,11468.783275782278,8,55846.82,6980.8525,1,1,-0.0024815490706158,0,1,1,3,All Methods,1,0,1,2,70.0,High,5,Yes
UPI2026098911916968,2024-04-09 04:49:57,Arjun Mehta,arjun.mehta807@ibl,Punjab National Bank,Pooja Verma,pooja.verma629@okicici,Canara Bank,25540.4,P2P,Peer Transfer,PhonePe,Android,Gujarat,SUCCESS,,2024-04-09,4,1,4,2024,True,True,Very High,18,114560.77,6364.487222222222,11762.21017966827,8,92348.1,11543.5125,1,1,-0.026657098329299,0,1,1,3,All Methods,1,1,1,3,85.0,Critical,6,Yes
UPI2026099030957760,2024-04-09 23:40:23,Aaryan Pandey,aaryan.pandey431@barodampay,ICICI Bank,Krishna Menon,krishna.menon114@upi,State Bank of India,48301.89,P2P,Peer Transfer,Google Pay,Android,Tamil Nadu,SUCCESS,,2024-04-09,23,1,4,2024,True,True,Very High,12,77114.91,6426.2425,14055.829901383931,7,61990.09,8855.727142857142,1,1,-0.0006899976579993,0,1,1,3,All Methods,1,0,1,2,70.0,High,5,Yes
UPI2026091598240097,2024-04-16 05:36:42,Deepak Chauhan,deepak.chauhan316@apl,HDFC Bank,Atharva Agarwal,atharva.agarwal148@paytm,Punjab National Bank,9210.88,P2P,Peer Transfer,PhonePe,iOS,Telangana,SUCCESS,,2024-04-16,5,1,4,2024,True,True,Very High,32,163415.76,5106.7425,9263.142042390542,2,29672.45,14836.225,1,1,-0.0100058548291027,0,0,0,2,Multiple Signals,1,1,1,3,70.0,High,5,Yes
UPI2026092892231987,2024-04-19 08:42:31,Diya Sharma,diya.sharma516@ibl,ICICI Bank,Ritvik Agarwal,ritvik.agarwal828@okaxis,IndusInd Bank,46635.19,P2P,Peer Transfer,Google Pay,Android,West Bengal,SUCCESS,,2024-04-19,8,4,4,2024,True,True,Very High,24,131743.91999999998,5489.329999999999,11501.47194416134,6,96836.95,16139.491666666669,1,1,-0.0203308525416171,0,1,1,3,All Methods,1,0,1,2,70.0,High,5,Yes
UPI2026091923217331,2024-04-20 00:09:59,Ritvik Chatterjee,ritvik.chatterjee137@apl,Kotak Mahindra Bank,Anvi Kapoor,anvi.kapoor949@paytm,Bank of Baroda,43401.6,P2P,Peer Transfer,PhonePe,iOS,Gujarat,SUCCESS,,2024-04-20,0,5,4,2024,True,True,Very High,25,111038.68,4441.5472,8484.864921705943,4,57609.89,14402.4725,1,1,-0.0475135352654891,1,1,1,3,All Methods,1,0,1,2,70.0,High,5,Yes
UPI2026093623960525,2024-04-20 00:25:26,Sunita Gupta,sunita.gupta529@oksbi,Kotak Mahindra Bank,Kabir Verma,kabir.verma13@ibl,ICICI Bank,44985.66,P2P,Peer Transfer,Paytm,Android,Rajasthan,SUCCESS,,2024-04-20,0,5,4,2024,True,True,Very High,30,218098.6,7269.953333333334,12623.1232909662,14,147634.35,10545.310714285715,1,1,-0.1017854042892369,1,1,1,3,All Methods,1,1,1,3,85.0,Critical,6,Yes
UPI2026097067648660,2024-04-20 16:58:25,Amit Kulkarni,amit.kulkarni392@apl,Union Bank of India,Kabir Pandey,kabir.pandey562@apl,Canara Bank,46774.0,P2P,Peer Transfer,Google Pay,Android,West Bengal,SUCCESS,,2024-04-20,16,5,4,2024,True,True,Very High,18,86115.17,4784.176111111111,10736.416667522208,11,152238.2,13839.836363636365,1,1,-0.0022047210077166,1,1,1,3,All Methods,1,0,1,2,70.0,High,5,Yes
UPI2026094265780756,2024-04-21 01:41:24,Pranav Rao,pranav.rao826@ybl,Punjab National Bank,Pooja Nair,pooja.nair97@okaxis,State Bank of India,744.33,P2P,Peer Transfer,Google Pay,Android,Uttar Pradesh,SUCCESS,,2024-04-21,1,6,4,2024,True,True,Medium,19,107059.95,5634.734210526316,10479.767013416493,9,86757.61,9639.734444444444,0,1,-0.0034725001406656,0,1,1,2,Multiple Signals,1,1,1,3,70.0,High,5,Yes
UPI2026094277349163,2024-04-21 04:42:20,Ishaan Kumar,ishaan.kumar563@ybl,ICICI Bank,Sunita Shah,sunita.shah173@paytm,Punjab National Bank,45484.14,P2P,Peer Transfer,CRED,iOS,Karnataka,SUCCESS,,2024-04-21,4,6,4,2024,True,True,Very High,32,218609.16,6831.53625,11499.709856278632,11,60098.49,5463.499090909091,1,1,-0.0209680230470169,0,1,1,3,All Methods,1,0,1,2,70.0,High,5,Yes
UPI2026096551823759,2024-04-21 05:08:28,Chiara Malhotra,chiara.malhotra511@oksbi,Bank of Baroda,Arjun Patel,arjun.patel861@oksbi,State Bank of India,37171.97,P2P,Peer Transfer,Amazon Pay,iOS,Telangana,SUCCESS,,2024-04-21,5,6,4,2024,True,True,Very High,14,68694.14,4906.7242857142855,9764.934988094836,10,115041.92,11504.192,1,1,-0.0082276952333905,0,1,1,3,All Methods,1,0,1,2,70.0,High,5,Yes
UPI2026096537714388,2024-04-21 11:26:29,Amit Banerjee,amit.banerjee344@paytm,Kotak Mahindra Bank,Tanvi Deshmukh,tanvi.deshmukh810@apl,HDFC Bank,49675.76,P2P,Peer Transfer,Google Pay,Android,Rajasthan,SUCCESS,,2024-04-21,11,6,4,2024,True,True,Very High,25,152236.66,6089.4664,13387.897291577658,9,133111.67,14790.185555555558,1,1,-0.0244105186815931,0,1,1,3,All Methods,1,0,1,2,70.0,High,5,Yes
UPI2026093219950504,2024-04-23 20:44:26,Pari Menon,pari.menon357@oksbi,Axis Bank,Dhruv Kulkarni,dhruv.kulkarni811@barodampay,IndusInd Bank,48948.7,P2P,Peer Transfer,Google Pay,Android,Delhi NCR,SUCCESS,,2024-04-23,20,1,4,2024,True,True,Very High,16,123719.1,7732.44375,15316.083868339572,11,72659.4,6605.4,1,1,-0.0161564591875452,0,0,0,2,Multiple Signals,1,1,1,3,70.0,High,5,Yes
UPI2026092821400851,2024-04-29 19:18:29,Isha Menon,isha.menon450@okicici,ICICI Bank,Aditya Banerjee,aditya.banerjee362@oksbi,Union Bank of India,25298.3,P2P,Peer Transfer,Paytm,Android,Gujarat,SUCCESS,,2024-04-29,19,0,4,2024,True,True,Very High,19,97559.7,5134.7210526315785,8532.760570737477,8,120824.96,15103.12,1,1,-0.0526665901901576,0,0,0,2,Multiple Signals,1,1,1,3,70.0,High,5,Yes
UPI2026094680934446,2024-04-30 21:09:39,Ishaan Kumar,ishaan.kumar563@ybl,ICICI Bank,Navya Mehta,navya.mehta673@okicici,Kotak Mahindra Bank,33362.59,P2P,Peer Transfer,PhonePe,Android,Karnataka,SUCCESS,,2024-04-30,21,1,4,2024,True,True,Very High,32,218609.16,6831.53625,11499.709856278632,9,92619.95,10291.105555555556,1,1,-0.0449219658643643,0,0,0,2,Multiple Signals,1,1,1,3,70.0,High,5,Yes
UPI2026095365311243,2024-05-07 22:44:04,Sai Pandey,sai.pandey467@upi,Punjab National Bank,Prisha Das,prisha.das435@oksbi,Punjab National Bank,47862.51,P2P,Peer Transfer,PhonePe,iOS,Karnataka,SUCCESS,,2024-05-07,22,1,5,2024,True,True,Very High,12,95036.05,7919.670833333334,14659.785385950145,14,90879.24,6491.374285714286,1,1,-0.0097389153655303,0,0,0,2,Multiple Signals,1,1,1,3,70.0,High,5,Yes
UPI2026099927036153,2024-05-08 19:46:49,Meera Singh,meera.singh472@upi,Axis Bank,Rohan Agarwal,rohan.agarwal600@ybl,Axis Bank,48319.72,P2P,Peer Transfer,PhonePe,Android,Kerala,SUCCESS,,2024-05-08,19,2,5,2024,True,True,Very High,21,176864.68,8422.127619047618,13197.263509726135,5,101699.61,20339.922,1,1,-0.0816189720663187,0,0,0,2,Multiple Signals,1,1,1,3,70.0,High,5,Yes
UPI2026095912460173,2024-05-13 11:38:41,Isha Sharma,isha.sharma124@ibl,Kotak Mahindra Bank,Deepak Chatterjee,deepak.chatterjee229@barodampay,Kotak Mahindra Bank,33471.27,P2P,Peer Transfer,PhonePe,Android,Delhi NCR,SUCCESS,,2024-05-13,11,0,5,2024,True,True,Very High,22,158709.3,7214.059090909091,12134.250909590748,13,100509.85,7731.526923076923,1,1,-0.0192245282603478,1,0,1,3,All Methods,1,0,1,2,70.0,High,5,Yes
UPI2026091961143984,2024-05-13 14:23:08,Meera Singh,meera.singh472@upi,Axis Bank,Pari Pillai,pari.pillai213@oksbi,IndusInd Bank,822.0,P2P,Peer Transfer,Google Pay,Android,Kerala,SUCCESS,,2024-05-13,14,0,5,2024,True,True,Medium,21,176864.68,8422.127619047618,13197.263509726135,7,76101.17,10871.595714285711,0,1,-0.0865416918711188,1,0,1,2,Multiple Signals,1,1,1,3,70.0,High,5,Yes
UPI2026098340087066,2024-05-17 06:12:15,Vivaan Agarwal,vivaan.agarwal698@ybl,IndusInd Bank,Aadhya Choudhury,aadhya.choudhury585@oksbi,Kotak Mahindra Bank,42758.27,P2P,Peer Transfer,Google Pay,Android,Maharashtra,SUCCESS,,2024-05-17,6,4,5,2024,True,True,Very High,16,166002.22,10375.13875,17755.55139783982,10,106791.79,10679.179,1,1,-0.085317976374046,0,0,0,2,Multiple Signals,1,1,1,3,70.0,High,5,Yes
UPI2026096245901617,2024-05-17 16:21:01,Reyansh Chauhan,reyansh.chauhan36@ybl,IndusInd Bank,Ritvik Mishra,ritvik.mishra621@apl,Kotak Mahindra Bank,34479.47,P2P,Peer Transfer,CRED,Android,Gujarat,SUCCESS,,2024-05-17,16,4,5,2024,True,True,Very High,17,100075.0,5886.764705882353,8190.48879008002,7,152070.07,21724.29571428572,1,1,-0.0525301868423552,0,0,0,2,Multiple Signals,1,1,1,3,70.0,High,5,Yes
UPI2026098917134040,2024-06-03 22:30:25,Anjali Choudhury,anjali.choudhury553@okhdfcbank,IndusInd Bank,Aarav Rao,aarav.rao315@paytm,Bank of Baroda,44796.49,P2P,Peer Transfer,Amazon Pay,Android,Telangana,SUCCESS,,2024-06-03,22,0,6,2024,True,True,Very High,26,102067.54,3925.674615384615,8711.959737543893,3,67743.8,22581.266666666663,1,1,-0.0547612325162203,0,0,0,2,Multiple Signals,1,1,1,3,70.0,High,5,Yes
UPI2026098239920538,2024-06-04 22:46:44,Vihaan Deshmukh,vihaan.deshmukh93@ybl,Canara Bank,Dhruv Kumar,dhruv.kumar262@upi,Union Bank of India,47144.64,P2P,Peer Transfer,PhonePe,iOS,Gujarat,SUCCESS,,2024-06-04,22,1,6,2024,True,True,Very High,17,151223.72,8895.51294117647,15636.4790740398,9,184945.18,20549.46444444444,1,1,-0.1085135056242363,0,0,0,2,Multiple Signals,1,1,1,3,70.0,High,5,Yes
UPI2026095582791527,2024-06-09 01:55:51,Krishna Menon,krishna.menon114@upi,State Bank of India,Pooja Mehta,pooja.mehta602@barodampay,HDFC Bank,24968.98,P2P,Peer Transfer,PhonePe,Android,Kerala,SUCCESS,,2024-06-09,1,6,6,2024,True,True,Very High,27,138172.2,5117.488888888889,9649.667638612196,5,27958.54,5591.708,1,1,-0.0293910559406348,0,0,0,2,Multiple Signals,1,1,1,3,70.0,High,5,Yes
UPI2026099412993371,2024-06-10 15:48:46,Sunita Gupta,sunita.gupta529@oksbi,Kotak Mahindra Bank,Amit Singh,amit.singh430@ibl,Bank of Baroda,9491.93,P2P,Peer Transfer,PhonePe,Android,Rajasthan,SUCCESS,,2024-06-10,15,0,6,2024,True,True,Very High,30,218098.6,7269.953333333334,12623.1232909662,8,75653.06,9456.6325,1,1,-0.0799119847676479,0,0,0,2,Multiple Signals,1,1,1,3,70.0,High,5,Yes
UPI2026094140659793,2024-06-10 16:05:42,Sai Shah,sai.shah414@okhdfcbank,Kotak Mahindra Bank,Kabir Pandey,kabir.pandey562@apl,Canara Bank,16294.6,P2P,Peer Transfer,Paytm,Android,Rajasthan,SUCCESS,,2024-06-10,16,0,6,2024,True,True,Very High,18,106699.68,5927.759999999999,8316.483147911387,11,152238.2,13839.836363636365,1,1,-0.0315706036254443,0,0,0,2,Multiple Signals,1,1,1,3,70.0,High,5,Yes
UPI2026092654593890,2024-06-13 02:01:46,Sneha Mishra,sneha.mishra58@ibl,Bank of Baroda,Prisha Kulkarni,prisha.kulkarni566@upi,Canara Bank,21756.49,P2P,Peer Transfer,Google Pay,iOS,Rajasthan,SUCCESS,,2024-06-13,2,3,6,2024,True,True,Very High,29,122371.44,4219.704827586207,8389.336005916177,10,34826.36,3482.636,1,1,-0.0030487969324705,0,0,0,2,Multiple Signals,1,1,1,3,70.0,High,5,Yes
UPI2026099521160361,2024-06-14 17:38:43,Ishaan Kumar,ishaan.kumar563@ybl,ICICI Bank,Myntra,myntra@paytm,ICICI Bank,8599.17,P2M,Shopping,Google Pay,iOS,Karnataka,SUCCESS,,2024-06-14,17,4,6,2024,True,True,Very High,32,218609.16,6831.53625,11499.709856278632,20,108668.89,5433.4445,1,1,-0.070804636199492,0,0,0,2,Multiple Signals,1,1,1,3,70.0,High,5,Yes
UPI2026098103623449,2024-06-19 23:25:40,Darsh Kulkarni,darsh.kulkarni725@paytm,ICICI Bank,Advik Joshi,advik.joshi55@paytm,HDFC Bank,24366.97,P2P,Peer Transfer,Google Pay,Android,Kerala,SUCCESS,,2024-06-19,23,2,6,2024,True,True,Very High,26,54914.66,2112.102307692308,4789.287900514904,9,125334.39,13926.043333333331,1,1,-0.0523571281363088,0,0,0,2,Multiple Signals,1,1,1,3,70.0,High,5,Yes
UPI2026092612225481,2024-06-21 10:09:21,Vivaan Das,vivaan.das904@apl,HDFC Bank,Amazon Pay Merchant,amazonpaym@okicici,Canara Bank,9322.48,P2M,Shopping,Paytm,Android,Gujarat,SUCCESS,,2024-06-21,10,4,6,2024,True,True,Very High,23,84945.36,3693.27652173913,4880.061614454183,32,197283.93,6165.1228125,1,1,-0.0216034023578484,0,0,0,2,Multiple Signals,1,1,1,3,70.0,High,5,Yes
UPI2026095222870914,2024-06-22 08:59:36,Avani Kumar,avani.kumar321@okicici,ICICI Bank,Amazon Pay Merchant,amazonpaym@okicici,Bank of Baroda,8837.33,P2M,Shopping,Google Pay,iOS,Telangana,SUCCESS,,2024-06-22,8,5,6,2024,True,True,Very High,20,66031.74,3301.5870000000004,2611.7972846905336,32,197283.93,6165.1228125,1,1,-0.0227234358879525,0,0,0,2,Multiple Signals,1,1,1,3,70.0,High,5,Yes
UPI2026093808911249,2024-06-25 14:53:32,Deepak Chauhan,deepak.chauhan316@apl,HDFC Bank,Amazon Pay Merchant,amazonpaym@ybl,Axis Bank,9855.39,P2M,Shopping,Paytm,iOS,Telangana,SUCCESS,,2024-06-25,14,1,6,2024,True,True,Very High,32,163415.76,5106.7425,9263.142042390542,27,130319.81,4826.659629629629,1,1,-0.0842927784338255,0,0,0,2,Multiple Signals,1,1,1,3,70.0,High,5,Yes
UPI2026095496651691,2024-06-27 17:52:49,Riya Mehta,riya.mehta477@upi,ICICI Bank,Krishna Verma,krishna.verma370@upi,Punjab National Bank,41420.69,P2P,Peer Transfer,PhonePe,Android,Gujarat,SUCCESS,,2024-06-27,17,3,6,2024,True,True,Very High,17,71917.6,4230.44705882353,9913.856521418498,10,193165.06,19316.506,1,1,-0.0592408917380881,0,0,0,2,Multiple Signals,1,1,1,3,70.0,High,5,Yes
UPI2026094009862348,2024-06-27 19:53:20,Reyansh Kapoor,reyansh.kapoor875@apl,State Bank of India,Amazon Pay Merchant,amazonpaym@paytm,State Bank of India,9165.62,P2M,Shopping,PhonePe,Android,Rajasthan,SUCCESS,,2024-06-27,19,3,6,2024,True,True,Very High,30,151180.9,5039.363333333333,9175.391615074994,29,155794.66,5372.229655172414,1,1,-0.0899586460421771,0,0,0,2,Multiple Signals,1,1,1,3,70.0,High,5,Yes
UPI2026094199831515,2024-06-29 00:26:34,Reyansh Kapoor,reyansh.kapoor22@barodampay,Kotak Mahindra Bank,Navya Pillai,navya.pillai245@upi,Union Bank of India,8726.13,P2P,Peer Transfer,PhonePe,iOS,West Bengal,SUCCESS,,2024-06-29,0,5,6,2024,True,True,Very High,23,159972.54,6955.3278260869565,11468.783275782278,8,12048.22,1506.0275,1,1,-0.011298841359006,0,0,0,2,Multiple Signals,1,1,1,3,70.0,High,5,Yes
UPI2026098500593988,2024-06-29 05:17:47,Kabir Agarwal,kabir.agarwal818@paytm,Punjab National Bank,Myra Singh,myra.singh788@oksbi,Canara Bank,42163.37,P2P,Peer Transfer,PhonePe,Android,Rajasthan,SUCCESS,,2024-06-29,5,5,6,2024,True,True,Very High,36,134119.66,3725.5461111111113,7339.8038364259455,6,69509.76000000001,11584.96,1,1,-0.0606662852455575,0,0,0,2,Multiple Signals,1,1,1,3,70.0,High,5,Yes
