date,transaction_count,total_amount,average_amount,count_rolling_median,amount_rolling_median,count_mad,amount_mad,count_robust_z,amount_robust_z,time_series_volume_anomaly,time_series_amount_anomaly,time_series_anomaly
2024-01-01,55,106052.01,1928.2183636363636,,,,,,,0,0,0
2024-01-02,50,98098.78,1961.9756,,,,,,,0,0,0
2024-01-03,59,197487.74,3347.2498305084746,,,,,,,0,0,0
2024-01-04,52,235664.44,4532.008461538461,,,,,,,0,0,0
2024-01-05,56,241190.89,4306.980178571429,,,,,,,0,0,0
2024-01-06,71,209125.66,2945.4318309859154,,,,,,,0,0,0
2024-01-07,42,189457.74,4510.898571428571,,,,,,,0,0,0
2024-01-08,48,86742.06999999999,1807.1264583333332,55.0,197487.74,4.0,38176.70000000001,-1.180375,-1.9566372791519429,0,0,0
2024-01-09,55,338732.28,6158.768727272728,53.5,193472.74,4.5,44954.92500000002,0.22483333333333333,2.1794621997478583,0,0,0
2024-01-10,53,141063.96,2661.5841509433963,55.0,197487.74,4.0,43703.15000000002,-0.33725,-0.8708260070498345,0,0,0
2024-01-11,71,261935.54,3689.232957746479,54.0,193472.74,3.0,50063.46500000001,3.8221666666666665,0.9223923793528874,1,0,1
2024-01-12,58,108183.43,1865.2315517241377,55.0,197487.74,4.0,56423.78,0.505875,-1.0675597610617367,0,0,0
2024-01-13,44,176658.64,4014.9690909090914,55.0,193472.74,3.5,60435.79000000001,-2.119857142857143,-0.18765553408005392,0,0,0
2024-01-14,56,245428.65,4382.654464285714,55.0,189457.74,4.0,51733.15000000002,0.168625,0.7297521762158304,0,0,0
2024-01-15,56,277961.2,4963.592857142858,55.0,193472.74,3.5,52182.345,0.1927142857142857,1.0920832758665793,0,0,0
2024-01-16,47,127319.23,2708.9197872340424,55.5,203306.7,3.5,50375.39499999999,-1.6380714285714286,-1.0174321911520499,0,0,0
2024-01-17,49,153918.98,3141.203673469388,55.5,203306.7,3.5,50375.39499999999,-1.2526428571428572,-0.6612755520825199,0,0,0
2024-01-18,60,150875.25,2514.5875,54.0,199291.7,4.5,52182.345,0.8993333333333333,-0.6258226901263254,0,0,0
2024-01-19,59,265179.36,4494.565423728814,55.5,183058.19,5.5,56935.83000000001,0.42922727272727274,0.9728624166012857,0,0,0
2024-01-20,55,204695.93,3721.744181818182,55.5,183058.19,5.5,59054.71,-0.06131818181818182,0.24713787655548547,0,0,0
2024-01-21,71,380645.18,5361.199718309859,55.0,183058.19,4.5,59054.71,2.398222222222222,2.2567619882478467,0,0,0
2024-01-22,57,290536.02,5097.123157894737,55.5,190677.285,4.0,67308.155,0.2529375,1.0006917699274331,0,0,0
2024-01-23,45,144688.64,3215.3031111111113,56.0,225062.28999999998,3.0,68308.52,-2.4731666666666667,-0.793634921749146,0,0,0
2024-01-24,53,185675.43,3503.31,56.0,190677.285,3.5,59054.71,-0.5781428571428571,-0.057129248412192815,0,0,0
2024-01-25,66,197848.38999999998,2997.7028787878785,56.0,195185.68,3.5,58623.45,1.9271428571428573,0.03063616854688686,0,0,0
2024-01-26,60,284649.84,4744.164000000001,56.0,191761.90999999997,3.5,50370.00499999999,0.7708571428571428,1.2438535351545041,0,0,0
2024-01-27,56,176910.55,3159.116964285714,56.0,201272.15999999997,4.0,53490.21499999997,0.0,-0.3071946139120959,0,0,0
2024-01-28,53,275319.96,5194.716226415095,56.0,201272.15999999997,3.5,53490.21499999997,-0.5781428571428571,0.9337266844038682,0,0,0
2024-01-29,65,308534.2,4746.68,56.0,201272.15999999997,3.5,60245.359999999986,1.7344285714285714,1.200893246882416,0,0,0
2024-01-30,62,200683.4,3236.829032258064,56.5,201272.15999999997,3.5,60245.359999999986,1.0599285714285716,-0.0065916880569721345,0,0,0
2024-01-31,48,255167.46,5315.9887499999995,58.0,202689.66499999998,4.5,54907.71999999997,-1.498888888888889,0.6446502008733931,0,0,0
2024-02-01,61,226741.1,3717.0672131147544,58.0,229931.695,4.5,49204.705000000016,0.44966666666666666,-0.04373679971254782,0,0,0
2024-02-02,43,164478.63,3825.084418604651,58.0,240954.28,4.5,43400.72500000002,-2.248333333333333,-1.188524521767781,0,0,0
2024-02-03,54,222576.85,4121.793518518519,56.5,215718.515,5.0,45344.41499999999,-0.33725,0.10201800943953065,0,0,0
2024-02-04,58,281010.43,4845.007413793103,56.5,224658.975,5.0,49204.705000000016,0.20234999999999997,0.7724679255266336,0,0,0
2024-02-05,61,194459.05,3187.8532786885244,56.5,224658.975,4.0,49204.705000000016,0.7588125,-0.41398174041486485,0,0,0
2024-02-06,56,284380.89,5078.230178571429,57.0,211630.125,4.0,39128.455,-0.168625,1.2540845528529048,0,0,0
2024-02-07,48,143420.73,2987.931875,57.0,224658.975,4.0,43365.985000000015,-1.517625,-1.263552442138694,0,0,0
2024-02-08,51,172447.31,3381.3198039215686,57.0,224658.975,4.0,49204.705000000016,-1.01175,-0.7157195240272245,0,0,0
2024-02-09,57,252104.87,4422.892456140351,56.0,224658.975,5.0,51436.32500000001,0.1349,0.3599062759149295,0,0,0
2024-02-10,63,189948.12,3015.0495238095236,56.0,224658.975,5.0,49204.705000000016,0.9442999999999999,-0.47581774339466115,0,0,0
2024-02-11,63,161741.35,2567.323015873016,56.5,224658.975,5.0,42685.92000000001,0.8768499999999999,-0.994190544856477,0,0,0
2024-02-12,59,210111.23,3561.2072881355934,57.5,211630.125,5.0,42006.03999999999,0.20234999999999997,-0.024389223014118753,0,0,0
2024-02-13,53,216816.65,4090.8801886792453,57.5,205397.315,4.0,36934.345,-0.7588125,0.20854143907249456,0,0,0
2024-02-14,65,179156.16,2756.2486153846153,56.5,213463.94,4.5,39828.78,1.2740555555555555,-0.5810019189641259,0,0,0
2024-02-15,50,266857.56,5337.1512,57.5,202285.14,4.0,27146.895000000004,-1.2646875,1.6043859634775905,0,0,0
2024-02-16,59,239791.35,4064.2601694915256,56.5,202285.14,5.0,33822.17000000001,0.33725,0.7479691174457459,0,0,0
2024-02-17,60,152675.25,2544.5875,57.5,213463.94,4.0,36474.354999999996,0.4215625,-1.1241315002006207,0,0,0
2024-02-18,40,237592.87,5939.82175,58.5,202285.14,3.5,39025.0,-3.5652142857142857,0.6102514768737985,1,0,1
2024-02-19,48,238402.04,4966.7091666666665,58.0,202285.14,5.0,36406.96999999999,-1.349,0.6691259681868611,0,0,0
2024-02-20,50,132872.88,2657.4576,56.5,213463.94,6.0,36474.354999999996,-0.7307083333333333,-1.4903257362604494,0,0,0
2024-02-21,48,147030.39,3063.1331250000003,55.0,200029.675,5.0,38330.345,-0.9442999999999999,-0.9326296888927031,0,0,0
2024-02-22,51,147722.28,2896.515294117647,55.0,200029.675,5.0,38330.345,-0.5396,-0.9204544839734677,0,0,0
2024-02-23,57,256256.24,4495.72350877193,55.0,200029.675,5.0,39067.02000000002,0.2698,0.970763014238096,0,0,0
2024-02-24,42,181305.33,4316.793571428571,55.0,200029.675,5.0,39067.02000000002,-1.7536999999999998,-0.3232796026546175,0,0,0
2024-02-25,39,169586.32,4348.36717948718,52.0,195708.28,6.0,42863.395000000004,-1.4614166666666666,-0.41105614755900677,0,0,0
2024-02-26,55,165156.0,3002.836363636364,50.5,195708.28,7.5,42863.395000000004,0.4047,-0.48077183013618024,0,0,0
2024-02-27,36,104955.27,2915.4241666666667,50.5,180230.745,5.5,34893.12999999999,-1.7782272727272728,-1.4551090110718072,0,0,0
2024-02-28,49,201465.1,4111.532653061225,50.0,174371.24,7.5,34419.60499999998,-0.08993333333333334,0.5309418446260501,0,0,0
2024-02-29,56,192386.99,3435.481964285714,49.5,175445.825,6.5,35494.19,0.6745,0.32193482348801267,0,0,0
2024-03-01,59,179286.66,3038.7569491525423,49.5,175445.825,7.0,28069.490000000005,0.9153928571428571,0.09229391796929669,0,0,0
2024-03-02,53,161587.57,3048.822075471698,49.5,174436.49,7.0,26871.410000000003,0.33725,-0.3225210936084109,0,0,0
2024-03-03,64,233672.5,3651.1328125,49.5,174436.49,6.0,26871.410000000003,1.6300416666666668,1.486884712971891,0,0,0
2024-03-04,50,144210.3,2884.2059999999997,50.5,174436.49,5.0,26871.410000000003,-0.06745,-0.7587084248649401,0,0,0
2024-03-05,62,300066.59,4839.78370967742,50.5,167371.16,5.0,21750.815000000002,1.55135,4.114929373221187,0,1,1
2024-03-06,48,190342.77000000002,3965.4743750000002,52.0,174436.49,4.5,26871.410000000003,-0.5995555555555555,0.3992639708895073,0,0,0
2024-03-07,60,318317.46,5305.291,52.0,180295.995,4.5,19938.765,1.199111111111111,4.669069430453693,0,1,1
2024-03-08,64,244444.81999999998,3819.4503124999997,54.0,185824.05,5.5,22452.264999999985,1.2263636363636363,1.761056595626322,0,0,0
2024-03-09,58,185717.63999999998,3202.0282758620688,54.0,185824.05,6.0,22452.264999999985,0.44966666666666666,-0.003196717346780042,0,0,0
2024-03-10,56,236699.57,4226.778035714286,55.5,188030.20500000002,6.0,24658.420000000013,0.05620833333333333,1.3312891374427063,0,0,0
2024-03-11,49,156445.43,3192.7638775510204,56.0,191364.88,5.0,36042.465,-0.9442999999999999,-0.653483856473191,0,0,0
2024-03-12,52,198575.06,3818.751153846154,56.0,191364.88,6.0,38613.535,-0.44966666666666666,0.12594719468186466,0,0,0
2024-03-13,48,185185.61000000002,3858.033541666667,56.0,195481.025,5.0,36042.465,-1.0792,-0.19266877050445874,0,0,0
2024-03-14,64,149079.66,2329.3696875,56.0,191364.88,5.0,32348.380000000005,1.0792,-0.8816942576413408,0,0,0
2024-03-15,55,210671.7,3830.3945454545456,57.0,188030.20500000002,6.0,35267.66000000002,-0.22483333333333333,0.4330224454216693,0,0,0
2024-03-16,63,200913.56,3189.104126984127,55.5,194458.915,6.0,38613.535,0.843125,0.11274953335663239,0,0,0
2024-03-17,39,176139.72,4516.403076923077,57.0,199744.31,6.5,35441.725000000006,-1.867846153846154,-0.4492246343822146,0,0,0
2024-03-18,45,119601.86,2657.819111111111,55.5,194458.915,6.5,28166.34000000001,-1.089576923076923,-1.7926036395747542,0,0,0
2024-03-19,47,242279.89,5154.891276595745,55.5,194458.915,7.0,28166.34000000001,-0.8190357142857143,1.145170002119551,0,0,0
2024-03-20,51,198663.33000000002,3895.3594117647062,53.5,194458.915,6.0,28166.34000000001,-0.2810416666666667,0.1006832239296978,0,0,0
2024-03-21,48,302323.0,6298.395833333333,53.5,198619.195,6.0,30279.925000000003,-0.6182916666666667,2.3100525008731028,0,0,0
2024-03-22,48,169220.13,3525.419375,51.5,198619.195,4.5,30279.925000000003,-0.5246111111111111,-0.6548784167232911,0,0,0
2024-03-23,53,391588.95,7388.470754716981,50.0,192146.34999999998,4.0,20725.785000000003,0.505875,6.490660484029918,0,1,1
2024-03-24,51,169857.66,3330.5423529411764,50.0,198619.195,3.0,33739.72,0.22483333333333333,-0.574979737754196,0,0,0
2024-03-25,61,208062.07,3410.853606557377,50.0,191880.33500000002,2.5,22341.440000000017,2.9678,0.48853521785077336,0,0,0
2024-03-26,54,192626.94,3567.165555555556,51.0,198619.195,3.5,25620.505000000005,0.5781428571428571,-0.15775551643107746,0,0,0
2024-03-27,51,252889.83000000002,4958.624117647059,51.0,195645.135,3.5,22646.445000000007,0.0,1.704971653497933,0,0,0
2024-03-28,65,302979.02,4661.215692307693,51.0,199788.445,3.5,30249.550000000003,2.698,2.3009282067832415,0,0,0
2024-03-29,65,203917.91,3137.1986153846156,51.0,204487.815,3.5,34948.92,2.698,-0.010998935660958884,0,0,0
2024-03-30,41,233257.38,5689.204390243903,51.0,202415.735,3.5,32876.83999999998,-1.9271428571428573,0.6327460167248441,0,0,0
2024-03-31,52,177010.66,3404.0511538461537,51.0,205989.99,3.5,36211.115000000005,0.1927142857142857,-0.5397944273464097,0,0,0
2024-04-01,62,293213.35,4729.247580645161,51.0,205989.99,3.0,36211.115000000005,2.4731666666666667,1.6246988340458441,0,0,0
2024-04-02,64,238279.80000000002,3723.1218750000003,51.5,220659.725,3.5,37939.58500000001,2.4089285714285715,0.3132543644718308,0,0,0
2024-04-03,73,292878.91,4012.0398630136983,52.5,220659.725,4.5,37939.58500000001,3.072722222222222,1.2839318163996778,0,0,0
2024-04-04,48,188230.64,3921.471666666667,53.5,235768.59000000003,6.5,57277.53999999995,-0.5707307692307693,-0.5598066410498781,0,0,0
2024-04-05,52,189500.81,3644.246346153846,53.5,220659.725,6.5,38039.075,-0.15565384615384614,-0.5525026086333594,0,0,0
2024-04-06,51,181679.8,3562.349019607843,53.5,220659.725,6.5,32329.595,-0.2594230769230769,-0.8132474103835823,0,0,0
2024-04-07,51,190064.37,3726.7523529411765,53.0,205989.99,6.5,28123.36,-0.20753846153846153,-0.381954030030551,0,0,0
2024-04-08,57,143816.5,2523.09649122807,53.0,205989.99,6.5,25788.790000000008,0.41507692307692307,-1.626133641981651,0,0,0
2024-04-09,66,345940.99,5241.530151515151,53.0,198272.425,4.5,28123.36,1.9485555555555554,3.541626857263855,0,1,1
2024-04-10,43,171216.99,3981.790465116279,54.5,218587.64500000002,7.0,35605.015000000014,-1.108107142857143,-0.8973878201567954,0,0,0
2024-04-11,58,158400.29,2731.039482758621,54.5,196991.14,8.5,31020.195000000007,0.277735294117647,-0.8391155608467322,0,0,0
2024-04-12,46,93528.82,2033.2352173913046,54.5,189782.59,7.0,24973.949999999997,-0.8190357142857143,-2.5996355348272897,0,0,0
2024-04-13,54,115725.56,2143.065925925926,52.0,188865.725,6.0,37428.545,0.22483333333333333,-1.3180592858338471,0,0,0
2024-04-14,49,171403.18,3498.0240816326527,53.0,184955.22,5.0,33846.825,-0.5396,-0.27006524186537456,0,0,0
2024-04-15,54,194778.62,3607.0114814814815,53.0,184955.22,5.0,33846.825,0.1349,0.19576085201492302,0,0,0
2024-04-16,62,179301.93,2891.9666129032257,53.0,184955.22,4.5,20146.58,1.349,-0.189270045089539,0,0,0
2024-04-17,43,151621.49,3526.0811627906974,53.0,180490.865,4.5,11930.630000000005,-1.498888888888889,-1.6321345509415672,0,0,0
2024-04-18,56,239391.13,4274.841607142857,51.5,175352.555,4.5,15832.039999999994,0.6745,2.7282661512666735,0,0,0
2024-04-19,57,313460.32,5499.303859649123,53.0,175352.555,4.0,18189.164999999994,0.6745,5.121383389094554,0,1,1
2024-04-20,75,467617.16,6234.895466666666,54.0,175352.555,3.5,21578.565000000002,4.047,9.135569305581718,1,1,1
2024-04-21,54,341113.33,6316.913518518519,55.0,175352.555,5.0,27633.559999999998,-0.1349,4.0460093718471315,0,1,1
2024-04-22,55,127347.12000000001,2315.402181818182,55.0,175352.555,4.5,45581.524999999994,0.0,-0.7103682008774387,0,0,0
2024-04-23,59,230100.55,3900.009322033898,54.5,175352.555,4.5,53816.21499999999,0.6745,0.6861783688707949,0,0,0
2024-04-24,44,142958.9,3249.065909090909,54.5,175352.555,4.0,51376.71499999999,-1.7705625,-0.425280602263107,0,0,0
2024-04-25,57,163892.83,2875.3128070175435,54.5,175352.555,4.0,51376.71499999999,0.4215625,-0.15044917746298114,0,0,0
2024-04-26,66,282619.02999999997,4282.106515151515,54.5,175352.555,3.5,51376.71499999999,2.216214285714286,1.4082495813035147,0,0,0
2024-04-27,49,178885.53,3650.725102040816,55.5,187040.275,2.5,48216.115000000005,-1.7536999999999998,-0.11407753408792881,0,0,0
2024-04-28,54,108824.56999999999,2015.2698148148147,55.5,187040.275,5.0,43570.825,-0.20234999999999997,-1.2108215307490735,0,0,0
2024-04-29,50,211335.17,4226.7034,55.5,187040.275,2.5,48216.115000000005,-1.4839,0.3398636882606575,0,0,0
2024-04-30,66,291422.31,4415.489545454546,55.5,195318.55,4.5,48216.115000000005,1.5738333333333334,1.344405000693233,0,0,0
2024-05-01,52,109138.11,2098.809807692308,55.5,220717.86,4.5,69900.41,-0.5246111111111111,-1.0766824025066517,0,0,0
2024-05-02,53,181714.33,3428.5722641509433,55.5,220717.86,3.5,74231.705,-0.4817857142857143,-0.35440221917306086,0,0,0
2024-05-03,60,252358.78,4205.979666666667,54.5,196524.75,3.5,77635.95499999999,1.0599285714285716,0.4850852061393462,0,0,0
2024-05-04,57,137018.55,2403.8342105263155,54.5,196524.75,4.5,62505.829999999994,0.37472222222222223,-0.6421310124191618,0,0,0
2024-05-05,57,265861.49,4664.236666666667,54.5,180299.93,3.5,51376.71499999999,0.4817857142857143,1.1232962679688652,0,0,0
2024-05-06,48,214791.58000000002,4474.824583333334,56.0,180299.93,3.5,51376.71499999999,-1.5417142857142856,0.4528241621715211,0,0,0
2024-05-07,49,179611.22999999998,3665.5353061224487,55.5,196524.75,4.0,54699.94,-1.0960625,-0.2085590814176398,0,0,0
2024-05-08,53,256205.9,4834.07358490566,53.5,180662.77999999997,4.0,40674.05499999998,-0.0843125,1.252735544562745,0,0,0
2024-05-09,64,136575.69,2133.99515625,53.5,196524.75,3.5,57670.115000000005,2.0235,-0.7011541587874413,0,0,0
2024-05-10,56,256207.92,4575.141428571429,53.5,196524.75,4.0,59593.675,0.4215625,0.6755129326224638,0,0,0
2024-05-11,42,131080.48,3120.9638095238097,53.5,196524.75,3.5,59593.675,-2.216214285714286,-0.7407188785554841,0,0,0
2024-05-12,54,220361.35,4080.765740740741,53.5,196524.75,3.5,59682.16,0.09635714285714285,0.26939016114698267,0,0,0
2024-05-13,81,318468.07,3931.7045679012344,53.5,213063.375,3.5,43143.535,5.299642857142857,1.6478822789439946,1,0,1
2024-05-14,56,239095.99,4269.57125,55.0,217576.46500000003,4.0,43458.239999999976,0.168625,0.33399695000303703,0,0,0
2024-05-15,56,203003.48,3625.062142857143,55.0,217576.46500000003,2.5,38630.44499999998,0.2698,-0.2544490073179332,0,0,0
2024-05-16,47,220319.99,4687.659361702127,56.0,217576.46500000003,3.0,38297.33500000001,-2.0235,0.048319487831202254,0,0,0
2024-05-17,46,209898.97,4563.021086956522,56.0,220340.66999999998,3.5,35866.24000000002,-1.9271428571428573,-0.19636646188727852,0,0,0
2024-05-18,56,213981.74,3821.1025,55.0,217555.785,4.0,38297.33500000001,0.168625,-0.06294676516003028,0,0,0
2024-05-19,51,120769.92,2368.0376470588235,55.0,217555.785,4.0,29742.380000000005,-0.6745,-2.1949173516880625,0,0,0
2024-05-20,45,219812.06,4884.712444444444,53.5,214386.66,3.5,29742.380000000005,-1.6380714285714286,0.12303764191029753,0,0,0
2024-05-21,36,146236.78,4062.132777777778,53.5,216896.9,3.5,29742.380000000005,-3.3724999999999996,-1.6024356806684599,0,0,0
2024-05-22,68,337178.4,4958.505882352942,53.5,216896.9,4.5,30754.045,2.173388888888889,2.638022795050213,0,0,0
2024-05-23,55,195656.05000000002,3557.3827272727276,55.0,216896.9,8.5,30755.055000000008,0.0,-0.46584060165068736,0,0,0
2024-05-24,59,196936.94999999998,3337.9144067796606,54.5,216896.9,5.5,21719.969999999987,0.5518636363636363,-0.619843686478389,0,0,0
2024-05-25,59,157455.41,2668.7357627118645,54.5,211940.35499999998,6.0,15643.854999999981,0.505875,-2.3491713137522705,0,0,0
2024-05-26,40,110319.95,2757.9987499999997,55.5,211940.35499999998,4.0,15643.854999999981,-2.6136875,-4.381462444678762,0,1,1
2024-05-27,65,162488.13,2499.8173846153845,55.5,206451.225,6.5,23256.764999999985,0.9858076923076923,-1.2750314834199863,0,0,0
2024-05-28,54,207457.63,3841.807962962963,55.5,199970.215,6.5,28915.929999999993,-0.15565384615384614,0.17465325920694946,0,0,0
2024-05-29,59,275991.0,4677.813559322034,54.5,199970.215,6.0,20095.809999999998,0.505875,2.551577641433712,0,0,0
2024-05-30,66,221237.31,3352.0804545454544,54.5,202197.28999999998,6.0,28915.929999999993,1.2927916666666668,0.44413212682421127,0,0,0
2024-05-31,49,107970.26,2203.474693877551,55.5,202197.28999999998,7.0,29374.589999999997,-0.6263214285714286,-2.1636431941688374,0,0,0
2024-06-01,42,122960.73,2927.6364285714285,55.5,196296.5,5.5,36324.729999999996,-1.6555909090909091,-1.361743827552194,0,0,0
2024-06-02,40,122037.93000000001,3050.9482500000004,54.5,179072.09000000003,7.5,41452.59499999997,-1.3040333333333334,-0.9280369762134323,0,0,0
2024-06-03,71,350478.52,4936.317183098592,54.5,179072.09000000003,10.0,41452.59499999997,1.112925,2.789056681131786,0,0,0
2024-06-04,52,188080.93,3616.9409615384616,57.0,179072.09000000003,8.5,49138.29,-0.39676470588235296,0.12366044036127381,0,0,0
2024-06-05,66,199457.35,3022.081060606061,57.0,191868.49,8.0,51660.41999999999,0.7588125,0.09908332278367095,0,0,0
2024-06-06,57,157450.47,2762.288947368421,57.0,191868.49,8.0,31896.719999999987,0.0,-0.7278163550985808,0,0,0
2024-06-07,53,211357.47,3987.87679245283,58.0,175284.53,7.5,39062.94,-0.44966666666666666,0.6228716535416945,0,0,0
2024-06-08,66,259529.01,3932.2577272727276,55.5,175284.53,8.0,41012.86,0.88528125,1.3854898624480225,0,0,0
2024-06-09,49,146690.33,2993.6802040816324,55.5,193769.14,10.0,51039.270000000004,-0.43842499999999995,-0.6221612759155846,0,0,0
2024-06-10,57,238924.38,4191.655789473684,55.5,193769.14,8.0,41698.74000000002,0.12646875,0.7304107841148193,0,0,0
2024-06-11,53,224684.13999999998,4239.323396226415,55.5,203457.49,6.5,51039.270000000004,-0.2594230769230769,0.2805168534933982,0,0,0
2024-06-12,64,170567.22,2665.1128125,55.0,205407.41,6.0,51039.270000000004,1.01175,-0.4604240647446564,0,0,0
2024-06-13,59,335061.25,5679.004237288135,55.0,193769.14,7.5,40736.955,0.35973333333333335,2.339436715262591,0,0,0
2024-06-14,58,247529.85,4267.756034482759,55.0,193769.14,6.0,46117.02500000001,0.33725,0.7862952758769671,0,0,0
2024-06-15,53,138594.05000000002,2614.9820754716984,57.0,205407.41,6.0,45039.69,-0.44966666666666666,-1.000575521723173,0,0,0
2024-06-16,59,266312.19,4513.76593220339,57.0,205407.41,4.5,45039.69,0.29977777777777775,0.912090516386769,0,0,0
2024-06-17,57,160312.82,2812.505614035088,57.5,218020.805,4.5,44480.895000000004,-0.07494444444444444,-0.8750731270694978,0,0,0
2024-06-18,64,210518.54,3289.3521875,57.0,205407.41,4.0,43608.515,1.180375,0.07905467968812978,0,0,0
2024-06-19,47,314588.83,6693.379361702128,57.5,210938.005,4.5,44480.895000000004,-1.5738333333333334,1.5717417885251632,0,0,0
2024-06-20,48,195089.74,4064.369583333333,57.0,218020.805,4.0,47872.485,-1.517625,-0.3230875385411892,0,0,0
2024-06-21,62,194277.9,3133.514516129032,57.0,218020.805,4.0,44480.895000000004,0.843125,-0.3600329854536425,0,0,0
2024-06-22,58,174116.19,3002.003275862069,57.5,217601.34,4.5,44480.895000000004,0.07494444444444444,-0.6594007084389825,0,0,0
2024-06-23,47,150521.69,3202.58914893617,57.5,202804.14,4.5,39305.78,-1.5738333333333334,-0.89718388809483,0,0,0
2024-06-24,64,251320.23,3926.87859375,57.5,202804.14,4.5,39305.78,0.9742777777777777,0.8325519225162304,0,0,0
2024-06-25,59,177452.03,3007.661525423729,58.0,202804.14,5.0,43608.515,0.1349,-0.39212521212887,0,0,0
2024-06-26,53,212014.12,4000.2664150943397,58.5,194683.82,4.5,39266.565,-0.824388888888889,0.297690601406056,0,0,0
2024-06-27,57,223007.13,3912.4057894736843,58.0,202804.14,4.5,43608.515,-0.14988888888888888,0.312482934926814,0,0,0
2024-06-28,70,269003.96,3842.9137142857144,57.5,202804.14,4.5,35589.63500000001,1.8736111111111111,1.2546287308088433,0,0,0
2024-06-29,59,310485.21,5262.461186440678,57.5,202804.14,4.5,35589.63500000001,0.22483333333333333,2.040787485317003,0,0,0
2024-06-30,48,137134.9,2856.977083333333,58.5,211266.33000000002,4.5,38602.020000000004,-1.5738333333333334,-1.295311735888433,0,0,0
