location_state,mean,count,rate
Tamil Nadu,0.20425138632162662,1082,20.42513863216266
Gujarat,0.20069605568445475,862,20.069605568445475
Rajasthan,0.19901315789473684,1216,19.901315789473685
Telangana,0.19384359400998336,1202,19.384359400998335
Delhi NCR,0.1913978494623656,930,19.13978494623656
Kerala,0.18994413407821228,895,18.994413407821227
Karnataka,0.18961352657004832,828,18.96135265700483
Uttar Pradesh,0.18484596169858453,1201,18.484596169858452
Maharashtra,0.17456021650879566,739,17.456021650879567
West Bengal,0.15406698564593302,1045,15.406698564593302
